{
    "l3extInstP": {
        "attributes": {
            "dn": "uni/tn-{{tn_name}}/out-{{name}}/instP-{{epg_name}}",
            "matchT": "AtleastOne",
            "name": "{{epg_name}}",
            "status": "{{status}}"
        },
        "children": [
            {
                "l3extSubnet": {
                    "attributes": {
                        "aggregate": "",
                        "ip": "{{subnet}}",
                        "name": "",
                        "rn": "extsubnet-[{{subnet}}]",
                        "scope": "import-security",
                        "status": "{{subnet_status}}"
                    }
                }
            },
            {
                "fvRsCustQosPol": {
                    "attributes": {
                        "status": "created,modified",
                        "tnQosCustomPolName": ""
                    }
                }
            }
        ]
    }
}
