{
    "l3extOut": {
        "attributes": {
            "dn": "uni/tn-{{tn_name}}/out-{{name}}",
            "enforceRtctrl": "export",
            "name": "{{name}}",
            "status": "created,modified"
        },
        "children": [
            {
                "ospfExtP": {
                    "attributes": {
                        "areaCost": "1",
                        "areaCtrl": "redistribute,summary",
                        "areaId": "{{area}}",
                        "areaType": "{{area_type}}",
                        "rn": "ospfExtP",
                        "status": "{{status}}"
                    }
                }
            }
        ]
    }
}
