{
    "l3extLIfP": {
        "attributes": {
            "dn": "uni/tn-{{tn_name}}/out-{{name}}/lnodep-{{node_name}}/lifp-{{int_profile}}",
            "name": "{{int_profile}}",
            "status": "{{int_profile_status}}"
        },
        "children": [
            {
                "l3extRsNdIfPol": {
                    "attributes": {
                        "status": "created,modified"
                    }
                }
            },
            {
                "l3extRsPathL3OutAtt": {
                    "attributes": {
                        "addr": "{{ip}}",
                        "encap": "vlan-{{vlan}}",
                        "ifInstT": "ext-svi",
                        "mac": "00:22:BD:F8:19:FF",
                        "mode": "regular",
                        "encapScope": "local",
                        "mtu": "inherit",
                        "tDn": "topology/pod-{{pod}}/paths-{{sw1}}/pathep-[{{pc}}]",
                        "status": "{{status}}"
                    },
                    "children": [
                        {
                            "l3extIp": {
                                "attributes": {
                                    "addr": "{{vip}}"
                                }
                            }
                        }
                    ]
                }
            }
        ]
    }
}
