{
    "vzBrCP": {
        "attributes": {
            "dn": "uni/tn-{{tn_name}}/brc-{{name}}",
            "name": "{{name}}",
            "prio": "unspecified",
            "scope": "{{scope}}",
            "status": "{{status}}"
        },
        "children": [
            {
                "vzSubj": {
                    "attributes": {
                        "consMatchT": "AtleastOne",
                        "name": "{{subject}}",
                        "prio": "unspecified",
                        "provMatchT": "AtleastOne",
                        "revFltPorts": "{{reverse_filter}}",
                        "rn": "subj-{{subject}}",
                        "status": "{{status}}"
                    },
                    "children": [
                        {
                            "vzRsSubjFiltAtt": {
                                "attributes": {
                                    "rn": "rssubjFiltAtt-{{filter}}",
                                    "status": "{{status}}",
                                    "tnVzFilterName": "{{filter}}"
                                }
                            }
                        }
                    ]
                }
            }
        ]
    }
}
