{
    "fvAEPg": {
        "attributes": {
            "dn": "uni/tn-{{tn_name}}/ap-{{ap_name}}/epg-{{epg_name}}",
            "name": "{{epg_name}}",
            "rn": "epg-{{epg_name}}",
            "status": "created,modified"
        },
        "children": [
            {
                "fvRsPathAtt": {
                    "attributes": {
                        "tDn": "topology/pod-{{pod}}/protpaths-{{sw1}}-{{sw2}}/extprotpaths-{{fex1}}-{{fex2}}/pathep-[{{vpc}}]",
                        "encap": "vlan-{{encap}}",
                        "instrImedcy": "{{deploy}}",
                        "mode": "{{mode}}",
                        "status": "{{status}}"
                    }
                }
            }
        ]
    }
}